"player","player_alt","similarity"
"Dominik Pavlata","Dominik Pavlat",0.022
"Dominik Pavlat","Dominik Pavlata",0.022
"Matthew Phillips","Matthew Philip",0.042
"Matthew Philip","Matthew Phillips",0.042
"Samuel Ersson","Samuel Eriksson",0.044
"Denis Smirnov","Deniss Smirnovs",0.044
"Samuel Eriksson","Samuel Ersson",0.044
"Deniss Smirnovs","Denis Smirnov",0.044
"Lucas Carlsson","Lukas Carlsson",0.048
"Lucas Carlsson","Lukas Carlsson",0.048
"Lukas Carlsson","Lucas Carlsson",0.048
"Lukas Carlsson","Lucas Carlsson",0.048
"Dominik Valik","Dominik Vacik",0.051
"Dominik Vacik","Dominik Valik",0.051
"Kyle Betts","Kyle Bettens",0.056
"Kyle Bettens","Kyle Betts",0.056
"Jack Beck","Jack Becker",0.061
"Ty Taylor","Trey Taylor",0.061
"Jack Becker","Jack Beck",0.061
"Ty Taylor","Trey Taylor",0.061
"Trey Taylor","Ty Taylor",0.061
"Trey Taylor","Ty Taylor",0.061
"Lukas Plos","Lukas Pilo",0.067
"Jon Bell","Jason Bell",0.067
"Jason Bell","Jon Bell",0.067
"Lukas Pilo","Lukas Plos",0.067
"Kent Anderson","Kevin Anderson",0.073
"Kevin Anderson","Kent Anderson",0.073
"Anton Johansson","Anton Johannesson",0.073
"Anton Johannesson","Anton Johansson",0.073
"Anton Johannesson","Anton Johansson",0.073
"Anton Johansson","Anton Johannesson",0.073
"Tyler Soy","Tyler Moy",0.074
"Tyler Moy","Tyler Soy",0.074
"Tyler Moy","Tyler Soy",0.074
"Tyler Soy","Tyler Moy",0.074
"Yegor Kuimov","Yegor Kuzminov",0.075
"Yegor Kuimov","Yegor Kuzminov",0.075
"Yegor Kuzminov","Yegor Kuimov",0.075
"Yegor Kuzminov","Yegor Kuimov",0.075
"Daniil Grigoryev","Danil Grigoryev",0.076
"Danil Grigoryev","Daniil Grigoryev",0.076
"Alexander Romanov","Alexander Komarov",0.078
"Alexander Komarov","Alexander Romanov",0.078
"Alexander Petunin","Alexander Polunin",0.078
"Alexander Polunin","Alexander Petunin",0.078
"Adam Engstrom","Adam Edstrom",0.079
"Patrick Geary","Patrick Guay",0.079
"Patrick Geary","Patrick Guay",0.079
"Marcus Nguyen","Marcus Nygren",0.079
"Kent Johnson","Brent Johnson",0.079
"Brent Johnson","Kent Johnson",0.079
"Ilya Safonov","Ilya Samsonov",0.079
"Adam Edstrom","Adam Engstrom",0.079
"Evan Bouchard","Evan Boucher",0.079
"Ilya Samsonov","Ilya Safonov",0.079
"Patrick Guay","Patrick Geary",0.079
"Evan Boucher","Evan Bouchard",0.079
"Marcus Nygren","Marcus Nguyen",0.079
"Patrick Guay","Patrick Geary",0.079
"Lukas Gustafsson","Lucas Gustavsson",0.083
"Lukas Gustafsson","Lucas Gustavsson",0.083
"Carl Lido","Carl Lindbom",0.083
"Carl Lindbom","Carl Lido",0.083
"Lukas Gustafsson","Lucas Gustavsson",0.083
"Lukas Gustafsson","Lucas Gustavsson",0.083
"Lucas Gustavsson","Lukas Gustafsson",0.083
"Lucas Gustavsson","Lukas Gustafsson",0.083
"Lucas Gustavsson","Lukas Gustafsson",0.083
"Lucas Gustavsson","Lukas Gustafsson",0.083
"Maximilian Kilpinen","Maximilian Kislinger",0.085
"Maximilian Kislinger","Maximilian Kilpinen",0.085
"Parker Bell","Parker Kelly",0.086
"Jay O'Brien","Jack O'Brien",0.086
"Colin White","Colton White",0.086
"Colton White","Colin White",0.086
"Jack O'Brien","Jay O'Brien",0.086
"Ondrej Balaz","Ondrej Vala",0.086
"Carter Loney","Carter Long",0.086
"Ondrej Vala","Ondrej Balaz",0.086
"Carter Long","Carter Loney",0.086
"Parker Kelly","Parker Bell",0.086
"Ty Young","Tyler Young",0.091
"Tyler Young","Ty Young",0.091
"Justin Barron","Justin Bergeron",0.092
"Justin Bergeron","Justin Barron",0.092
"Ethan Bono","Ethan Bowen",0.094
"Petr Hauser","Petr Hasek",0.094
"Jakub Malek","Jakub Maly",0.094
"Ethan Bowen","Ethan Bono",0.094
"Parker Foo","Parker Ford",0.094
"Parker Foo","Parker Ford",0.094
"Parker Ford","Parker Foo",0.094
"Ethan Leyer","Ethan Leyh",0.094
"Petr Hasek","Petr Hauser",0.094
"Parker Ford","Parker Foo",0.094
"Ethan Leyh","Ethan Leyer",0.094
"Jakub Maly","Jakub Malek",0.094
"Jakub Maly","Jakub Malek",0.094
"Jakub Malek","Jakub Maly",0.094
"Filip Barklund","Filip Berglund",0.095
"Viktor Persson","Viktor Larsson",0.095
"Matthew Filipe","Matthew Philip",0.095
"Filip Berglund","Filip Barklund",0.095
"Viktor Larsson","Viktor Persson",0.095
"Matthew Murphy","Matthew Murray",0.095
"Matthew Murphy","Matthew Murray",0.095
"Matthew Murray","Matthew Murphy",0.095
"Matthew Philip","Matthew Filipe",0.095
"Matthew Murray","Matthew Murphy",0.095
"Nikita Blednov","Nikita Sedov",0.099
"Alexander Smolin","Alexander Samoilov",0.099
"Cameron Berg","Cameron Butler",0.099
"Cameron Berg","Cameron Butler",0.099
"Cameron Butler","Cameron Berg",0.099
"Cameron Butler","Cameron Berg",0.099
"Alexander Samoilov","Alexander Smolin",0.099
"Nikita Sedov","Nikita Blednov",0.099
"Alexander Pashin","Alexander Palchik",0.1
"Alexander Palchik","Alexander Pashin",0.1
"Alexander Younan","Alexander Polunin",0.1
"Christian Mieritz","Christian Miller",0.1
"Alexander Polunin","Alexander Younan",0.1
"Christian Miller","Christian Mieritz",0.1
"Yegor Sidorov","Yegor Spiridonov",0.101
"Yegor Spiridonov","Yegor Sidorov",0.101
"Santeri Airola","Santeri Aalto",0.101
"Santeri Aalto","Santeri Airola",0.101
"Jacob Olofsson","Jacob Olson",0.102
"Jacob Olson","Jacob Olofsson",0.102
"Sergei Ivanov","Georgi Ivanov",0.103
"Sergei Ivanov","Georgi Ivanov",0.103
"Jakub Kopecky","Jakub Konecny",0.103
"Dominik Rymon","Dominik Simon",0.103
"Jakub Konecny","Jakub Kopecky",0.103
"Tyce Thompson","Tage Thompson",0.103
"Tage Thompson","Tyce Thompson",0.103
"Tage Thompson","Tyce Thompson",0.103
"Josh Anderson","Joey Anderson",0.103
"Joey Anderson","Josh Anderson",0.103
"Philip Nyberg","Philip Ekberg",0.103
"Dominik Simon","Dominik Rymon",0.103
"Tomi Leppanen","Tom Leppa",0.103
"Tom Leppa","Tomi Leppanen",0.103
"Jack Poehling","Nick Poehling",0.103
"Nick Poehling","Jack Poehling",0.103
"Tyce Thompson","Tage Thompson",0.103
"Philip Ekberg","Philip Nyberg",0.103
"Georgi Ivanov","Sergei Ivanov",0.103
"Kody McDonald","Kyle McDonald",0.103
"Georgi Ivanov","Sergei Ivanov",0.103
"Kyle McDonald","Kody McDonald",0.103
"Maxim Musorov","Maxim Mayorov",0.103
"Maxim Mayorov","Maxim Musorov",0.103
"Alexander Dergachyov","Alexander Dersch",0.104
"William Whitelaw","William Wia",0.104
"William Wia","William Whitelaw",0.104
"Alexander Dersch","Alexander Dergachyov",0.104
"Tyler Boucher","Tyler Busch",0.107
"Hugo Gabrielsson","Hugo Danielsson",0.107
"Hugo Gabrielsson","Hugo Danielsson",0.107
"Brandon Coe","Brandon Carlo",0.107
"Alexander Gordin","Alexandre Fortin",0.107
"Alexander Pashin","Alexander Oskin",0.107
"Henrik Tikkanen","Henri Nikkanen",0.107
"Matthew Boldy","Matthew Roy",0.107
"Henri Nikkanen","Henrik Tikkanen",0.107
"Gabriel Fortier","Gabriel Fontaine",0.107
"Gabriel Fortier","Gabriel Fontaine",0.107
"Simon Johansson","Wilson Johansson",0.107
"Filip Westerlund","Emil Westerlund",0.107
"Olle Eriksson-Ek","Joel Eriksson-Ek",0.107
"Mitchell Mattson","Mitchell Martin",0.107
"Gabriel Fontaine","Gabriel Fortier",0.107
"Joel Eriksson-Ek","Olle Eriksson-Ek",0.107
"Brandon Carlo","Brandon Coe",0.107
"Matthew Roy","Matthew Boldy",0.107
"Nikita Buruyanov","Nikita Kiryanov",0.107
"Nikita Buruyanov","Nikita Kiryanov",0.107
"Santeri Koskela","Valtteri Koskela",0.107
"Valtteri Koskela","Santeri Koskela",0.107
"Blake Swetlikoff","Alex Swetlikoff",0.107
"Matthew Copponi","Matthew Choupani",0.107
"Owen Millward","Owen Allard",0.107
"Nikita Kiryanov","Nikita Buruyanov",0.107
"Mitchell Martin","Mitchell Mattson",0.107
"Owen Allard","Owen Millward",0.107
"Matthew Choupani","Matthew Copponi",0.107
"Nikita Kiryanov","Nikita Buruyanov",0.107
"Gabriel Fontaine","Gabriel Fortier",0.107
"Alexandre Fortin","Alexander Gordin",0.107
"Alexandre Fortin","Alexander Gordin",0.107
"Tyler Busch","Tyler Boucher",0.107
"Hugo Danielsson","Hugo Gabrielsson",0.107
"Alexander Oskin","Alexander Pashin",0.107
"Hugo Danielsson","Hugo Gabrielsson",0.107
"Emil Westerlund","Filip Westerlund",0.107
"Alex Swetlikoff","Blake Swetlikoff",0.107
"Alexander Gordin","Alexandre Fortin",0.107
"Wilson Johansson","Simon Johansson",0.107
"Samuel Mayer","Samuel Harvey",0.109
"Michael Karow","Michael Fora",0.109
"Sergei Boikov","Sergei Bolshakov",0.109
"Oliver Moberg","Oliver Moore",0.109
"Oliver Moore","Oliver Moberg",0.109
"Michael Fora","Michael Karow",0.109
"Jordan Maher","Jordan Martel",0.109
"Jordan Maher","Jordan Martel",0.109
"Sergei Bolshakov","Sergei Boikov",0.109
"Jordan Martel","Jordan Maher",0.109
"Jordan Martel","Jordan Maher",0.109
"Samuel Harvey","Samuel Mayer",0.109
"Samuel Johannesson","Samuel Jonsson",0.11
"Ryan Poehling","Ryan Pilon",0.11
"Ryan Pilon","Ryan Poehling",0.11
"Samuel Johannesson","Samuel Jonsson",0.11
"Samuel Jonsson","Samuel Johannesson",0.11
"Samuel Jonsson","Samuel Johannesson",0.11
"Yegor Kuimov","Yegor Naumov",0.111
"Connor Kurth","Connor Korte",0.111
"Ilya Morozov","Ivan Morozov",0.111
"Ilya Fedotov","Ivan Fedotov",0.111
"Yegor Naumov","Yegor Kuimov",0.111
"Yegor Naumov","Yegor Kuimov",0.111
"Ivan Morozov","Ilya Morozov",0.111
"Andrew Peeke","Andrew Peski",0.111
"Ivan Fedotov","Ilya Fedotov",0.111
"David Ma","David Madsen",0.111
"David Ma","David Mudrak",0.111
"Connor Kurth","Connor Korte",0.111
"Michal Klimo","Michal Simon",0.111
"Yegor Kuimov","Yegor Naumov",0.111
"Connor Korte","Connor Kurth",0.111
"Connor Korte","Connor Kurth",0.111
"Ryan Stepien","Ryan Stevens",0.111
"David Ma","David Madsen",0.111
"David Ma","David Mudrak",0.111
"Michal Rouha","Michal Roman",0.111
"Michal Simon","Michal Klimo",0.111
"Andrew Peski","Andrew Peeke",0.111
"Alexander Zhebelev","Alexander Zhabreyev",0.111
"Michal Roman","Michal Rouha",0.111
"Kirill Zotov","Kirill Popov",0.111
"Kirill Popov","Kirill Zotov",0.111
"Alexander Zhabreyev","Alexander Zhebelev",0.111
"David Madsen","David Ma",0.111
"David Madsen","David Ma",0.111
"Ryan Stevens","Ryan Stepien",0.111
"David Mudrak","David Ma",0.111
"David Mudrak","David Ma",0.111
"Santeri Virtanen","Santeri Hartikainen",0.113
"Santeri Hartikainen","Santeri Virtanen",0.113
"Maxim Barbashev","Maxim Marushev",0.114
"Maxim Barbashev","Maxim Marushev",0.114
"Marcus Broberg","Marcus Karlberg",0.114
"Ludvig Bystrom","Ludvig Hedstrom",0.114
"Gavin O'Connell","Ryan O'Connell",0.114
"Maxim Marushev","Maxim Barbashev",0.114
"Marcus Karlberg","Marcus Broberg",0.114
"Ryan O'Connell","Gavin O'Connell",0.114
"Kristian Roykas-Marthinsen","Andreas Roykas-Marthinsen",0.114
"Kristian Roykas-Marthinsen","Andreas Roykas-Marthinsen",0.114
"Andreas Roykas-Marthinsen","Kristian Roykas-Marthinsen",0.114
"Andreas Roykas-Marthinsen","Kristian Roykas-Marthinsen",0.114
"Maxim Marushev","Maxim Barbashev",0.114
"Mitchell Brown","Mitchell Brewer",0.114
"Mitchell Brewer","Mitchell Brown",0.114
"Ludvig Hedstrom","Ludvig Bystrom",0.114
"Alexander Blank","Alexandre Alain",0.115
"Matthew Perkins","Matthew Beniers",0.115
"Matthew Beniers","Matthew Perkins",0.115
"Kirill Kirsanov","Kirill Kaprizov",0.115
"Zakhar Bardakov","Zakhar Zakharov",0.115
"Yegor Chinakhov","Yegor Chernikov",0.115
"Yegor Chinakhov","Yegor Chizhikov",0.115
"Kirill Kaprizov","Kirill Kirsanov",0.115
"Yegor Chernikov","Yegor Chinakhov",0.115
"Yegor Chernikov","Yegor Chinakhov",0.115
"Alexandre Alain","Alexander Blank",0.115
"Zakhar Zakharov","Zakhar Bardakov",0.115
"Yegor Chinakhov","Yegor Chernikov",0.115
"Yegor Chinakhov","Yegor Chizhikov",0.115
"Yegor Chizhikov","Yegor Chinakhov",0.115
"Yegor Chizhikov","Yegor Chinakhov",0.115
"Aatu Raty","Aku Raty",0.116
"Aku Raty","Aatu Raty",0.116
"Alexander Volkov","Alexander Samoilov",0.116
"Alexander Volkov","Alexander Samoilov",0.116
"Alexander Sharov","Alexander Samoilov",0.116
"Alexander Samoilov","Alexander Volkov",0.116
"Alexander Samoilov","Alexander Volkov",0.116
"Alexander Samoilov","Alexander Sharov",0.116
"Tyler Duke","Tyler Tucker",0.117
"Alexander Pelevin","Alexander Pavlenko",0.117
"James Stefan","James Swan",0.117
"James Swan","James Stefan",0.117
"James Swan","James Stefan",0.117
"James Swan","James McEwan",0.117
"Robert Orr","Robert Arrak",0.117
"Alex Gagne","Alex Gaffney",0.117
"Jan Bednar","Ryan Bednard",0.117
"Ryan Johnson","Ryan Jones",0.117
"Alexander Romanov","Alexander Samoilov",0.117
"Tyler Tucker","Tyler Duke",0.117
"Ryan Jones","Ryan Johnson",0.117
"David Kase","David Madsen",0.117
"Ryan Bednard","Jan Bednar",0.117
"Ryan Bednard","Jan Bednar",0.117
"Daniil Gutik","Daniil But",0.117
"Daniil Gutik","Daniil But",0.117
"Alexander Komarov","Alexander Samoilov",0.117
"James Stefan","James Swan",0.117
"Alex Gagne","Alex Gaffney",0.117
"Alex Gaffney","Alex Gagne",0.117
"Alex Gaffney","Alex Gagne",0.117
"Daniil But","Daniil Gutik",0.117
"Daniil But","Daniil Gutik",0.117
"James McEwan","James Swan",0.117
"Samuel Solensky","Samuel Solem",0.117
"Jan Bednar","Ryan Bednard",0.117
"Alexander Samoilov","Alexander Romanov",0.117
"Alexander Samoilov","Alexander Komarov",0.117
"Alexander Pavlenko","Alexander Pelevin",0.117
"David Madsen","David Kase",0.117
"Samuel Solem","Samuel Solensky",0.117
"Ivan Romanov","Ivan Rogov",0.117
"Robert Arrak","Robert Orr",0.117
"Ivan Rogov","Ivan Romanov",0.117
"Francesco Iasenza","Francesco Lapenna",0.118
"Francesco Lapenna","Francesco Iasenza",0.118
"Danila Klimovich","Daniil Karpovich",0.119
"Jordan Kooy","Jordan Kyrou",0.119
"Jordan Kyrou","Jordan Kooy",0.119
"Daniil Karpovich","Danila Klimovich",0.119
"Christopher Birdsall","Christopher Giroday",0.119
"Oliver True","Oliver Turan",0.119
"Christopher Giroday","Christopher Birdsall",0.119
"Oliver Turan","Oliver True",0.119
"Alexander Blank","Alexander Pavlenko",0.12
"Matthew Perkins","Matthew Knies",0.12
"Matthew Knies","Matthew Perkins",0.12
"Alexander Nikishin","Alexander Oskin",0.12
"Matthew Boldy","Matthew Bradley",0.12
"Brandon Crawley","Brandon Carlo",0.12
"Brandon Carlo","Brandon Crawley",0.12
"Brandon Carlo","Brandon Crawley",0.12
"Brandon Carlo","Brandon Crawley",0.12
"Matthew Bradley","Matthew Boldy",0.12
"Brandon Crawley","Brandon Carlo",0.12
"Brandon Crawley","Brandon Carlo",0.12
"Alexander Oskin","Alexander Nikishin",0.12
"Alexander Pavlenko","Alexander Blank",0.12
"Alexander Perevalov","Alexander Pavlenko",0.121
"Nolan Joyce","Nolan Moyle",0.121
"Matej Tomas","Matej Tomek",0.121
"Lukas Parik","Lukas Pajer",0.121
"Jack McBain","Jack Badini",0.121
"Jakub Lauko","Jakub Lacka",0.121
"Jack Perbix","Nick Perbix",0.121
"Luke Martin","Jake Martin",0.121
"Luke Martin","Jake Martin",0.121
"Jack Badini","Jack McBain",0.121
"Nick Perbix","Jack Perbix",0.121
"Jack Walker","Zach Walker",0.121
"Jack Walker","Zach Walker",0.121
"Matej Tomek","Matej Tomas",0.121
"Matthew Roy","Matthew Sop",0.121
"Jan Shikera","Jan Sir",0.121
"Jake Martin","Luke Martin",0.121
"Matthew Sop","Matthew Roy",0.121
"Lukas Pajer","Lukas Parik",0.121
"Jake Martin","Luke Martin",0.121
"Zach Walker","Jack Walker",0.121
"Nolan Moyle","Nolan Joyce",0.121
"Zach Walker","Jack Walker",0.121
"Jakub Lacka","Jakub Lauko",0.121
"Alexander Pavlenko","Alexander Perevalov",0.121
"Josh Prokop","Noah Prokop",0.121
"Noah Prokop","Josh Prokop",0.121
"Jan Sir","Jan Shikera",0.121
"Matthew Savoie","Matthew Davis",0.123
"Michael Callow","Michael Karow",0.123
"Samuel Eklund","Samuel Sjolund",0.123
"Patrick Geary","Patrick Leaver",0.123
"Matthew Kieper","Matthew Knies",0.123
"Matthew Kieper","Matthew Rempe",0.123
"Daniil Larkin","Daniil Lazutin",0.123
"Patrick Leaver","Patrick Geary",0.123
"Spencer Penner","Spencer Meier",0.123
"Matthew Knies","Matthew Kieper",0.123
"Matthew Knies","Matthew Kessel",0.123
"Jayden Grubbe","Jayden Struble",0.123
"Maxim Groshev","Maxim Marushev",0.123
"Maxim Groshev","Maxim Marushev",0.123
"Carter Savoie","Charles Savoie",0.123
"Matthew Kessel","Matthew Knies",0.123
"Matthew Rempe","Matthew Kieper",0.123
"Maxim Marushev","Maxim Groshev",0.123
"Jayden Struble","Jayden Grubbe",0.123
"Samuel Sjolund","Samuel Eklund",0.123
"Ivan Prosvetov","Ivan Provorov",0.123
"Nicolas Hague","Nicolas Daigle",0.123
"Daniil Tarasov","Daniil Tesanov",0.123
"Daniil Tarasov","Daniil Tesanov",0.123
"Daniil Tarasov","Daniil Tesanov",0.123
"Mikey Anderson","Joey Anderson",0.123
"Michael Karow","Michael Callow",0.123
"Sebastian Aho","Sebastian Repo",0.123
"Sebastian Aho","Sebastian Repo",0.123
"Sebastian Repo","Sebastian Aho",0.123
"Sebastian Repo","Sebastian Aho",0.123
"Sebastian Repo","Sebastian Aho",0.123
"Josh Anderson","Noah Andersson",0.123
"Joey Anderson","Mikey Anderson",0.123
"Matthew Cairns","Matthew Davis",0.123
"Ivan Provorov","Ivan Prosvetov",0.123
"Ivan Provorov","Ivan Prosvetov",0.123
"Sebastian Aho","Sebastian Repo",0.123
"Sebastian Aho","Sebastian Repo",0.123
"Michael Spacek","Michael Lackey",0.123
"Daniil Lazutin","Daniil Larkin",0.123
"Nicolas Daigle","Nicolas Hague",0.123
"Charles Savoie","Carter Savoie",0.123
"Daniil Tesanov","Daniil Tarasov",0.123
"Simon Stransky","Simon Trnavsky",0.123
"Nikita Shuidin","Nikita Shavin",0.123
"Nikita Shavin","Nikita Shuidin",0.123
"Josef Slavicek","Josef Kolacek",0.123
"Noah Andersson","Josh Anderson",0.123
"Josef Kolacek","Josef Slavicek",0.123
"William Somers","William Bower",0.123
"Michael Lackey","Michael Spacek",0.123
"William Bower","William Somers",0.123
"Sebastian Aho","Sebastian Repo",0.123
"Sebastian Aho","Sebastian Repo",0.123
"Sebastian Repo","Sebastian Aho",0.123
"Sebastian Repo","Sebastian Aho",0.123
"Sebastian Repo","Sebastian Aho",0.123
"Simon Trnavsky","Simon Stransky",0.123
"Matyas Svoboda","Matej Svoboda",0.123
"Maxim Marushev","Maxim Groshev",0.123
"Ivan Prosvetov","Ivan Provorov",0.123
"Matej Svoboda","Matyas Svoboda",0.123
"Daniil Tesanov","Daniil Tarasov",0.123
"Matthew Davis","Matthew Savoie",0.123
"Matthew Davis","Matthew Cairns",0.123
"Spencer Meier","Spencer Penner",0.123
"Daniil Tesanov","Daniil Tarasov",0.123
"Kirill Dolzhenkov","Kirill Volkov",0.124
"Alexander Smolin","Alexander Polunin",0.124
"Kirill Volkov","Kirill Dolzhenkov",0.124
"Sebastian Aho","Sebastian Ohlsson",0.124
"Sebastian Aho","Sebastian Ohlsson",0.124
"Alexander Suvorov","Alexander Sharov",0.124
"Alexander Suvorov","Alexander Sharov",0.124
"Alexander Sharov","Alexander Suvorov",0.124
"Alexander Sharov","Alexander Suvorov",0.124
"Sebastian Aho","Sebastian Ohlsson",0.124
"Alexander Polunin","Alexander Smolin",0.124
"Sebastian Ohlsson","Sebastian Aho",0.124
"Sebastian Ohlsson","Sebastian Aho",0.124
"Sebastian Ohlsson","Sebastian Aho",0.124
"Alexander Smolin","Alexander Gordin",0.125
"Alexander Smolin","Alexander Gordin",0.125
"Oliver Johansson","Albert Johansson",0.125
"Alexander Gordin","Alexander Smolin",0.125
"Alexander Gordin","Alexander Daryin",0.125
"Alexander Pashin","Alexander Daryin",0.125
"Albert Johansson","Oliver Johansson",0.125
"Alexander Daryin","Alexander Gordin",0.125
"Alexander Daryin","Alexander Pashin",0.125
"Alexander Daryin","Alexander Gordin",0.125
"Mikhail Vorobyov","Mikhail Zholobov",0.125
"Fredrik Forsberg","Fredrik Granberg",0.125
"Fredrik Forsberg","Fredrik Granberg",0.125
"Mikhail Zholobov","Mikhail Vorobyov",0.125
"Fredrik Granberg","Fredrik Forsberg",0.125
"Fredrik Granberg","Fredrik Forsberg",0.125
"Alexander Gordin","Alexander Smolin",0.125
"Alexander Gordin","Alexander Daryin",0.125
"Matthew Savoie","Matthew Sop",0.126
"Mathew Hill","Matthew Dillon",0.126
"Mathew Hill","Matthew Miller",0.126
"Matthew Strome","Matthew Sop",0.126
"Cayden Primeau","Caden Price",0.126
"Alexander Dergachyov","Alexander Sharov",0.126
"Matthew Sop","Matthew Savoie",0.126
"Matthew Sop","Matthew Strome",0.126
"Martins Lavins","Martin Lang",0.126
"Cameron Peters","Cameron Lee",0.126
"Caden Price","Cayden Primeau",0.126
"Alexander Sharov","Alexander Dergachyov",0.126
"Matthew Dillon","Mathew Hill",0.126
"Matthew Miller","Mathew Hill",0.126
"Cameron Lee","Cameron Peters",0.126
"Martin Lang","Martins Lavins",0.126
"Nikita Blednov","Nikita Alexandrov",0.128
"Alexander Fesenko","Alexandr Peresunko",0.128
"David Moravec","David Ma",0.128
"David Moravec","David Ma",0.128
"Alexander Ponomaryov","Alexander Romanov",0.128
"Alexander Ponomaryov","Alexander Komarov",0.128
"Liam Steele","Sam Steel",0.128
"Jakub Kos","Jakub Dobes",0.128
"William Wallinder","William Hallen",0.128
"Jakub Dobes","Jakub Kos",0.128
"Nikita Alexandrov","Nikita Blednov",0.128
"Alexander Romanov","Alexander Ponomaryov",0.128
"Alexander Khovanov","Alexander Komarov",0.128
"Josh Norris","Josh Mori",0.128
"Sam Steel","Liam Steele",0.128
"Tyler Soy","Tyler Spott",0.128
"Alexander Komarov","Alexander Ponomaryov",0.128
"Alexander Komarov","Alexander Khovanov",0.128
"David Ma","David Moravec",0.128
"Matthew McGroarty","Matthew Murray",0.128
"Matthew McGroarty","Matthew Murray",0.128
"Josh Mori","Josh Norris",0.128
"Tyler Soy","Tyler Spott",0.128
"David Ma","David Moravec",0.128
"William Hallen","William Wallinder",0.128
"Matthew Murray","Matthew McGroarty",0.128
"Matthew Murray","Matthew McGroarty",0.128
"Alexandr Peresunko","Alexander Fesenko",0.128
"Tyler Spott","Tyler Soy",0.128
"Tyler Spott","Tyler Soy",0.128
"Trey Augustine","Tye Austin",0.129
"Alexander Sharov","Alexander Zhabreyev",0.129
"Alexander Zhabreyev","Alexander Sharov",0.129
"Tye Austin","Trey Augustine",0.129
"Rail Gazizov","Ruslan Gazizov",0.13
"Ruslan Gazizov","Rail Gazizov",0.13
"Alex Blais","Alex Vlasic",0.131
"Michael Callow","Michael Callahan",0.131
"Olivier Nadeau","Olivier Galipeau",0.131
"Olivier Nadeau","Olivier Galipeau",0.131
"Ville Ottavainen","Ville Jarvinen",0.131
"Matthew Kessel","Matthew Thiessen",0.131
"Alex Vlasic","Alex Blais",0.131
"Michael Callahan","Michael Callow",0.131
"Filip Kral","Filip Kovar",0.131
"Matthew Thiessen","Matthew Kessel",0.131
"Filip Westerlund","Filip Berglund",0.131
"Josh Brook","Josh Prokop",0.131
"Dmitri Samorukov","Dmitri Sokolov",0.131
"Matthew Filipe","Matthew Phillips",0.131
"Filip Berglund","Filip Westerlund",0.131
"Matthew Phillips","Matthew Filipe",0.131
"Dmitri Sokolov","Dmitri Samorukov",0.131
"Ville Ottavainen","Ville Jarvinen",0.131
"Filip Kovar","Filip Kral",0.131
"Olivier Galipeau","Olivier Nadeau",0.131
"Jonathan Leman","Jonathan Lemieux",0.131
"Ville Jarvinen","Ville Ottavainen",0.131
"Ville Jarvinen","Ville Ottavainen",0.131
"Olivier Galipeau","Olivier Nadeau",0.131
"Jonathan Leman","Jonathan Lemieux",0.131
"Adam Kalaj","Adam Klapka",0.131
"Josh Prokop","Josh Brook",0.131
"Adam Klapka","Adam Kalaj",0.131
"Jonathan Lemieux","Jonathan Leman",0.131
"Jonathan Lemieux","Jonathan Leman",0.131
"Tyler Brennan","Tyler Benson",0.132
"Patrick Geary","Patrick Shea",0.132
"Yegor Guskov","Yegor Suchkov",0.132
"Yegor Guskov","Yegor Suchkov",0.132
"Yegor Guskov","Yegor Suchkov",0.132
"Cameron Korpi","Cameron York",0.132
"Samuel Mayer","Samuel Walker",0.132
"Riley Mercer","Riley Piercey",0.132
"Vojtech Polak","Vojtech Port",0.132
"Samuel Savoie","Samuel Solem",0.132
"Kirill Volkov","Kirill Zotov",0.132
"Kirill Volkov","Kirill Popov",0.132
"Oskari Vuorio","Oskari Luoto",0.132
"Tyler Boucher","Tyler Tucker",0.132
"Tyler Boucher","Tyler Nother",0.132
"Dmitri Kuzmin","Dmitri Yudin",0.132
"Cameron Berg","Cameron Hebig",0.132
"Cameron Berg","Cameron Hebig",0.132
"Ethan Samson","Ethan Spaxman",0.132
"Ethan Samson","Ethan Spaxman",0.132
"Ivan Vorobyov","Ivan Morozov",0.132
"Jackson Kunz","Jackson Keane",0.132
"Dmitri Ovchinnikov","Dmitri Ovechkin",0.132
"Matthew Boldy","Matthew Wood",0.132
"Cameron York","Cameron Korpi",0.132
"Samuel Bolduc","Samuel Bucek",0.132
"Hunter Jones","Hunter Holmes",0.132
"Dominik Bokk","Dominik Sojka",0.132
"Ivan Morozov","Ivan Vorobyov",0.132
"Connor Dewar","Connor Bedard",0.132
"Samuel Houde","Samuel Honzek",0.132
"Tyler Tucker","Tyler Boucher",0.132
"Jacob Bryson","Jacob Larsson",0.132
"Ryan McGregor","Ryan McGuire",0.132
"Samuel Walker","Samuel Mayer",0.132
"Tyler Benson","Tyler Brennan",0.132
"Nolan Stevens","Ryan Stevens",0.132
"Patrick Kudla","Patrick Guay",0.132
"Patrick Kudla","Patrick Guay",0.132
"Jacob Larsson","Jacob Bryson",0.132
"Dominik Simon","Dominik Diem",0.132
"Patrick Shea","Patrick Geary",0.132
"Patrick Guay","Patrick Kudla",0.132
"Patrick Guay","Patrick Guzzo",0.132
"Cameron Berg","Cameron Hebig",0.132
"Cameron Berg","Cameron Hebig",0.132
"Carter Schade","Carter Souch",0.132
"Yegor Suchkov","Yegor Guskov",0.132
"Yegor Suchkov","Yegor Guskov",0.132
"Dmitri Yudin","Dmitri Kuzmin",0.132
"Patrick Guzzo","Patrick Guay",0.132
"Patrick Guzzo","Patrick Guay",0.132
"Carter Souch","Carter Schade",0.132
"Riley Piercey","Riley Mercer",0.132
"Yegor Guskov","Yegor Suchkov",0.132
"Yegor Guskov","Yegor Suchkov",0.132
"Yegor Guskov","Yegor Suchkov",0.132
"Oskari Luoto","Oskari Vuorio",0.132
"Michal Simon","Michal Stinil",0.132
"Ryan McGuire","Ryan McGregor",0.132
"Yegor Suchkov","Yegor Guskov",0.132
"Yegor Suchkov","Yegor Guskov",0.132
"Yegor Suchkov","Yegor Guskov",0.132
"Yegor Suchkov","Yegor Guskov",0.132
"Connor Bedard","Connor Dewar",0.132
"Matthew Wood","Matthew Boldy",0.132
"Michael Burchill","Michal Furch",0.132
"Samuel Honzek","Samuel Houde",0.132
"Vojtech Port","Vojtech Polak",0.132
"Jackson Keane","Jackson Kunz",0.132
"Ethan Spaxman","Ethan Samson",0.132
"Dominik Diem","Dominik Simon",0.132
"Cameron Hebig","Cameron Berg",0.132
"Cameron Hebig","Cameron Berg",0.132
"Cameron Hebig","Cameron Berg",0.132
"Cameron Hebig","Cameron Berg",0.132
"Ethan Spaxman","Ethan Samson",0.132
"Marcus Siren","Marcus Nygren",0.132
"Tyler Nother","Tyler Boucher",0.132
"Michal Furch","Michael Burchill",0.132
"Samuel Bucek","Samuel Bolduc",0.132
"Michal Stinil","Michal Simon",0.132
"Dmitri Ovechkin","Dmitri Ovchinnikov",0.132
"Kirill Zotov","Kirill Volkov",0.132
"Kirill Popov","Kirill Volkov",0.132
"Hunter Holmes","Hunter Jones",0.132
"Ryan Stevens","Nolan Stevens",0.132
"Samuel Solem","Samuel Savoie",0.132
"Roman Badanin","Roman Basran",0.132
"Dominik Sojka","Dominik Bokk",0.132
"Roman Basran","Roman Badanin",0.132
"Marcus Nygren","Marcus Siren",0.132
"Patrick Guay","Patrick Kudla",0.132
"Patrick Guay","Patrick Guzzo",0.132
"Jack Brandt","Jack Bar",0.133
"Tomas Cibulka","Tomas Chlubna",0.133
"Keaton Dowhaniuk","Logan Dowhaniuk",0.133
"Keaton Dowhaniuk","Logan Dowhaniuk",0.133
"Alexander Fesenko","Alexander Pavlenko",0.133
"Petr Gajda","Petr Cajka",0.133
"Daniil Ivanov","Danil Savunov",0.133
"Christian Kyrou","Christian Jaros",0.133
"Christian Kyrou","Christian Propp",0.133
"Christian Kyrou","Christian Propp",0.133
"Maxim Muranov","Maxim Musorov",0.133
"Alexander Pelevin","Alexander Belyayev",0.133
"Lukas Plos","Lukas Klok",0.133
"Alexander Smolin","Alexandre Alain",0.133
"Rasmus Vuorinen","Rasmus Korhonen",0.133
"Matthew Beniers","Matthew Spencer",0.133
"Josh Bloom","Josh Brook",0.133
"Rasmus Korhonen","Rasmus Vuorinen",0.133
"Jack Bar","Jack Brandt",0.133
"Simon Knak","Simon Mack",0.133
"Alexander Holtz","Alexandre Goulet",0.133
"Jack Quinn","Jack Flinn",0.133
"Jan Bednar","Jan Becvar",0.133
"Alexander Pashin","Alexandre Alain",0.133
"Alexander Daryin","Alexandre Alain",0.133
"Dominic Basse","Dominic James",0.133
"Danil Savunov","Daniil Ivanov",0.133
"Kevin Wall","Kevin Bahl",0.133
"Alexander Alexeyev","Alexander Zhebelev",0.133
"Kevin Bahl","Kevin Wall",0.133
"David Tendeck","David Turecek",0.133
"Josh Brook","Josh Bloom",0.133
"David Noel","David Kope",0.133
"Gabriel Carlsson","Gabriel Klassen",0.133
"Gabriel Carlsson","Gabriel Klassen",0.133
"Matthew Spencer","Matthew Beniers",0.133
"David Kase","David Kope",0.133
"Christian Jaros","Christian Kyrou",0.133
"Christian Jaros","Christian Evers",0.133
"Christian Jaros","Christian Propp",0.133
"Christian Jaros","Christian Propp",0.133
"Adam Huska","Adam Liska",0.133
"Adam Marsh","Adam Bares",0.133
"Simon Knak","Simon Mack",0.133
"Tomas Chlubna","Tomas Cibulka",0.133
"Gabriel Klassen","Gabriel Carlsson",0.133
"Yegor Chernikov","Yegor Chizhikov",0.133
"Logan Dowhaniuk","Keaton Dowhaniuk",0.133
"Alexander Palchik","Alexander Pavlenko",0.133
"Gabriel Klassen","Gabriel Carlsson",0.133
"Adam Bares","Adam Marsh",0.133
"Alexandre Alain","Alexander Smolin",0.133
"Alexandre Alain","Alexander Pashin",0.133
"Alexandre Alain","Alexander Daryin",0.133
"Alexandre Goulet","Alexander Holtz",0.133
"Simon Andersson","Linus Andersson",0.133
"Logan Dowhaniuk","Keaton Dowhaniuk",0.133
"Nikolai Smirnov","Nikolai Burenov",0.133
"Nils Nordh","Noel Nordh",0.133
"Ondrej Molnar","Ondrej Volrab",0.133
"Noel Nordh","Nils Nordh",0.133
"Christian Evers","Christian Jaros",0.133
"Lukas Klok","Lukas Plos",0.133
"Lukas Klok","Lukas Pilo",0.133
"Alexander Zhebelev","Alexander Alexeyev",0.133
"Jack Flinn","Jack Quinn",0.133
"Jan Bednar","Jan Becvar",0.133
"Jan Becvar","Jan Bednar",0.133
"Jan Becvar","Jan Bednar",0.133
"Linus Andersson","Simon Andersson",0.133
"Christian Propp","Christian Kyrou",0.133
"Christian Propp","Christian Jaros",0.133
"Alexander Pavlenko","Alexander Fesenko",0.133
"Alexander Pavlenko","Alexander Palchik",0.133
"Alexander Belyayev","Alexander Pelevin",0.133
"Adam Liska","Adam Huska",0.133
"Christian Propp","Christian Kyrou",0.133
"Christian Propp","Christian Jaros",0.133
"Petr Cajka","Petr Gajda",0.133
"David Kope","David Noel",0.133
"David Kope","David Kase",0.133
"Simon Mack","Simon Knak",0.133
"Simon Mack","Simon Knak",0.133
"Nikolai Burenov","Nikolai Smirnov",0.133
"Ondrej Volrab","Ondrej Molnar",0.133
"David Turecek","David Tendeck",0.133
"Lukas Pilo","Lukas Klok",0.133
"Yegor Chizhikov","Yegor Chernikov",0.133
"Maxim Musorov","Maxim Muranov",0.133
"Dominic James","Dominic Basse",0.133
"Matthew Beniers","Matthew Knies",0.134
"Matthew Knies","Matthew Beniers",0.134
"Sebastian Walfridsson","Sebastian Ohlsson",0.134
"Sebastian Ohlsson","Sebastian Walfridsson",0.134
"James Swan","James Sanchez",0.136
"Vladimir Sychyov","Vladimir Tkachyov",0.136
"Jacob Pivonka","Jacob Dion",0.136
"Ryan Poehling","Ryan Lohin",0.136
"Ryan Lohin","Ryan Poehling",0.136
"David Kase","David Tomasek",0.136
"David Kase","David Tomasek",0.136
"Adam Marsh","Adam Karashik",0.136
"Vladimir Sychyov","Vladimir Tkachyov",0.136
"Jacob Dion","Jacob Pivonka",0.136
"Alexander Komarov","Alexander Sharov",0.136
"Evan Werner","Evan Weinger",0.136
"Aleksandr Legkov","Aleksander Agapov",0.136
"Vladimir Tkachyov","Vladimir Sychyov",0.136
"Vladimir Tkachyov","Vladimir Sychyov",0.136
"Aleksander Agapov","Aleksandr Legkov",0.136
"Alexander Sharov","Alexander Komarov",0.136
"Evan Weinger","Evan Werner",0.136
"James Sanchez","James Swan",0.136
"Adam Karashik","Adam Marsh",0.136
"David Tomasek","David Kase",0.136
"David Tomasek","David Kase",0.136
"Alexander Blank","Alexander Belyayev",0.137
"John-Jason Peterka","Jonas Peterek",0.137
"Benjamin Hawerchuk","Benjamin Beck",0.137
"Dominik Valik","Dominik Volejnicek",0.137
"Dominik Volejnicek","Dominik Valik",0.137
"Benjamin Beck","Benjamin Hawerchuk",0.137
"Alexander Belyayev","Alexander Blank",0.137
"Jonas Peterek","John-Jason Peterka",0.137
"Kirill Dolzhenkov","Kirill Kozhevnikov",0.139
"Alexander Romanov","Alexander Khovanov",0.139
"Alexander Khovanov","Alexander Romanov",0.139
"Kirill Kozhevnikov","Kirill Dolzhenkov",0.139
"Jonathan Lekkerimaki","Jonathan Leman",0.14
"Jonathan Lekkerimaki","Jonathan Leman",0.14
"Maxim Barbashev","Maxim Groshev",0.14
"Hugo Fransson","Hugo Danielsson",0.14
"Hugo Fransson","Hugo Danielsson",0.14
"Patrik Juhola","Patrik Puistola",0.14
"Jesperi Kaukonen","Jesperi Kotkaniemi",0.14
"Vojtech Polak","Vojtech Zelenak",0.14
"Jeremiah Slavin","Josiah Slavin",0.14
"Sebastian Cossa","Sebastian Aho",0.14
"Sebastian Cossa","Sebastian Aho",0.14
"Sebastian Cossa","Sebastian Aho",0.14
"Logan Stankoven","Logan Stanley",0.14
"Kirill Kirsanov","Kirill Tankov",0.14
"Kirill Kirsanov","Kirill Tankov",0.14
"Artyom Guryev","Artyom Murylyov",0.14
"Evgeni Kashnikov","Evgeni Kalabushkin",0.14
"Kirill Tankov","Kirill Kirsanov",0.14
"Maxim Groshev","Maxim Barbashev",0.14
"Elliot Ekefjard","Elliot Ekmark",0.14
"Elliot Ekmark","Elliot Ekefjard",0.14
"Patrik Puistola","Patrik Juhola",0.14
"William Francis","William Ennis",0.14
"Jesperi Kotkaniemi","Jesperi Kaukonen",0.14
"Brandon Saigeon","Brandon Hagel",0.14
"Josiah Slavin","Jeremiah Slavin",0.14
"Alexander Volkov","Alexander Pavlenko",0.14
"Sebastian Aho","Sebastian Cossa",0.14
"Logan Stanley","Logan Stankoven",0.14
"Brandon Hagel","Brandon Saigeon",0.14
"Brandon Hagel","Brandon Saigeon",0.14
"Sebastian Aho","Sebastian Cossa",0.14
"Hunter McKown","Hunter McDonald",0.14
"Hunter McKown","Hunter McDonald",0.14
"Ilya Ivantsov","Ilya Ignatov",0.14
"Artyom Kolganov","Artyom Volkov",0.14
"Matthew Maltais","Matthew Davis",0.14
"William Proos","William Pethrus",0.14
"Ilya Ignatov","Ilya Ivantsov",0.14
"Nikita Shavin","Nikita Shashkov",0.14
"Artyom Murylyov","Artyom Guryev",0.14
"Kirill Tankov","Kirill Kirsanov",0.14
"Artyom Volkov","Artyom Kolganov",0.14
"Alexander Volkov","Alexander Pavlenko",0.14
"Jonathan Leman","Jonathan Lekkerimaki",0.14
"Christian Heljanko","Christian Felton",0.14
"Brandon Saigeon","Brandon Hagel",0.14
"Sebastian Aho","Sebastian Cossa",0.14
"Hugo Danielsson","Hugo Fransson",0.14
"Jonathan Leman","Jonathan Lekkerimaki",0.14
"William Pethrus","William Proos",0.14
"Vojtech Zelenak","Vojtech Polak",0.14
"Hugo Danielsson","Hugo Fransson",0.14
"Alexander Pavlenko","Alexander Volkov",0.14
"Alexander Pavlenko","Alexander Volkov",0.14
"Christian Felton","Christian Heljanko",0.14
"William Ennis","William Francis",0.14
"Evgeni Kalabushkin","Evgeni Kashnikov",0.14
"Dominik Sklenar","Dominik Sojka",0.14
"Dominik Sojka","Dominik Sklenar",0.14
"Matthew Davis","Matthew Maltais",0.14
"Nikita Shashkov","Nikita Shavin",0.14
"Hunter McDonald","Hunter McKown",0.14
"Hunter McDonald","Hunter McKown",0.14
"Luke Mittelstadt","Casey Mittelstadt",0.141
"Alexander Pelevin","Alexander Smolin",0.141
"Alexander Pelevin","Alexander Pashin",0.141
"Alexander Pelevin","Alexander Petunin",0.141
"Alexander Pelevin","Alexander Polunin",0.141
"Vladislav Romanov","Vladislav Kotkov",0.141
"Vladislav Romanov","Vladislav Syomin",0.141
"Alexander Smolin","Alexander Pelevin",0.141
"Connor Toms","Connor Trenholm",0.141
"Connor Toms","Connor Trenholm",0.141
"Yaroslav Yapparov","Yaroslav Askarov",0.141
"Ivan Zhigalov","Ivan Zivlak",0.141
"Tyler Boucher","Tyrel Bauer",0.141
"Alexander Kisakov","Alexander Komarov",0.141
"Alexander Kisakov","Alexander Sharov",0.141
"Jakub Malek","Jakub Melisko",0.141
"Yaroslav Askarov","Yaroslav Yapparov",0.141
"Brandon Coe","Brandon Crawley",0.141
"Brandon Coe","Brandon Crawley",0.141
"Brandon Coe","Brandon Crawley",0.141
"Tyrel Bauer","Tyler Boucher",0.141
"Alexander Pashin","Alexander Pelevin",0.141
"Andrei Svechnikov","Andrei Svetlakov",0.141
"Andrei Svechnikov","Andrei Svetlakov",0.141
"Alexander Romanov","Alexander Volkov",0.141
"Alexander Romanov","Alexander Volkov",0.141
"Austin Wong","Austin Wagner",0.141
"Casey Mittelstadt","Luke Mittelstadt",0.141
"Casey Mittelstadt","Luke Mittelstadt",0.141
"Alexander Volkov","Alexander Romanov",0.141
"Alexander Volkov","Alexander Komarov",0.141
"Alexander Volkov","Alexander Popovic",0.141
"Brandon Crawley","Brandon Coe",0.141
"Andrei Svetlakov","Andrei Svechnikov",0.141
"Logan Stanley","Logan Stein",0.141
"Evan Fitzpatrick","Lucas Fitzpatrick",0.141
"Christian Fischer","Christian Miller",0.141
"Matthew Spencer","Matthew Sop",0.141
"Austin Wagner","Austin Wong",0.141
"Matthew Roy","Matthew Grouchy",0.141
"Vladislav Kotkov","Vladislav Romanov",0.141
"Alexander Komarov","Alexander Kisakov",0.141
"Alexander Komarov","Alexander Volkov",0.141
"Alexander Komarov","Alexander Volkov",0.141
"Luke Mittelstadt","Casey Mittelstadt",0.141
"Connor Trenholm","Connor Toms",0.141
"Matthew Sop","Matthew Spencer",0.141
"Matthew Sop","Matthew Copponi",0.141
"Matthew Copponi","Matthew Sop",0.141
"Connor Trenholm","Connor Toms",0.141
"Ivan Zivlak","Ivan Zhigalov",0.141
"Zachary Roy","Zachary Roberts",0.141
"Cameron Lizotte","Cameron Lee",0.141
"Brandon Crawley","Brandon Coe",0.141
"Alexander Volkov","Alexander Romanov",0.141
"Alexander Volkov","Alexander Komarov",0.141
"Alexander Volkov","Alexander Popovic",0.141
"Alexander Sharov","Alexander Kisakov",0.141
"Alexander Younan","Alexander Petunin",0.141
"Alexander Petunin","Alexander Pelevin",0.141
"Alexander Petunin","Alexander Younan",0.141
"Ondrej Vala","Ondrej Volrab",0.141
"Brandon Crawley","Brandon Coe",0.141
"Andrei Svetlakov","Andrei Svechnikov",0.141
"Alexander Polunin","Alexander Pelevin",0.141
"Jakub Melisko","Jakub Malek",0.141
"Jakub Melisko","Jakub Malek",0.141
"Zachary Roberts","Zachary Roy",0.141
"Cameron Lee","Cameron Lizotte",0.141
"William Wia","William Grimard",0.141
"Michal Ivan","Michal Kvasnica",0.141
"Matthew Grouchy","Matthew Roy",0.141
"Michal Kvasnica","Michal Ivan",0.141
"Vladislav Syomin","Vladislav Romanov",0.141
"Lucas Fitzpatrick","Evan Fitzpatrick",0.141
"Alexander Popovic","Alexander Volkov",0.141
"Alexander Popovic","Alexander Volkov",0.141
"Ondrej Volrab","Ondrej Vala",0.141
"Christian Miller","Christian Fischer",0.141
"William Grimard","William Wia",0.141
"Logan Stein","Logan Stanley",0.141
"Jakub Malek","Jakub Melisko",0.141
"Ben Bujold","Ben Boyd",0.142
"Michael Callow","Michael Campoli",0.142
"William Hughes","William Pethrus",0.142
"Gabriel Kangas","Gabriel Klassen",0.142
"Gabriel Kangas","Gabriel Klassen",0.142
"Matthew Kieper","Matthew Beniers",0.142
"Matthew Kieper","Matthew Spencer",0.142
"Roberto Mancini","Robert Kincaid",0.142
"Matthew Perkins","Matthew Cairns",0.142
"Matthew Beniers","Matthew Kieper",0.142
"Jack Peart","Jack Bar",0.142
"Jack Bar","Jack Peart",0.142
"Ben Boyd","Ben Bujold",0.142
"Dmitri Voronkov","Dmitri Sokolov",0.142
"Mikhail Abramov","Vitali Abramov",0.142
"Vladislav Yeryomenko","Vladislav Syomin",0.142
"Antoine Morand","Antoine Marcoux",0.142
"Matthew Hellickson","Matthew Dillon",0.142
"Jonathan Dahlen","Jonathan Leman",0.142
"Jonathan Dahlen","Jonathan Leman",0.142
"Vitali Abramov","Mikhail Abramov",0.142
"Matthew Cairns","Matthew Perkins",0.142
"Dmitri Sokolov","Dmitri Voronkov",0.142
"Dmitri Zaitsev","Dmitri Simashev",0.142
"Matthew Spencer","Matthew Kieper",0.142
"David Kase","David Ma",0.142
"David Kase","David Ma",0.142
"Vladislav Yeryomenko","Vladislav Syomin",0.142
"Dmitri Nazarov","Dmitri Varlamov",0.142
"David Ma","David Kase",0.142
"Nicolas Daigle","Nicholas DeAngelis",0.142
"Gabriel Klassen","Gabriel Kangas",0.142
"Roberto Mancini","Robert Kincaid",0.142
"Gabriel Klassen","Gabriel Kangas",0.142
"Nicholas DeAngelis","Nicolas Daigle",0.142
"Samuel Eriksson","Samuel Rossini",0.142
"David Ma","David Kase",0.142
"Robert Kincaid","Roberto Mancini",0.142
"Robert Kincaid","Roberto Mancini",0.142
"Dmitri Simashev","Dmitri Zaitsev",0.142
"Jordan Tourigny","Jordan Topping",0.142
"Antoine Marcoux","Antoine Morand",0.142
"Matthew Murphy","Matthew Grouchy",0.142
"Jonathan Leman","Jonathan Dahlen",0.142
"Alexander Yakovenko","Alexander Pavlenko",0.142
"Michael Campoli","Michael Callow",0.142
"Samuel Rossini","Samuel Eriksson",0.142
"Matthew Dillon","Matthew Hellickson",0.142
"Jonathan Leman","Jonathan Dahlen",0.142
"Dmitri Varlamov","Dmitri Nazarov",0.142
"William Pethrus","William Hughes",0.142
"Jordan Topping","Jordan Tourigny",0.142
"Alexander Pavlenko","Alexander Yakovenko",0.142
"Alexander Pavlenko","Alexander Yakovenko",0.142
"Matthew Grouchy","Matthew Murphy",0.142
"Vladislav Syomin","Vladislav Yeryomenko",0.142
"Vladislav Syomin","Vladislav Yeryomenko",0.142
"Alexander Yakovenko","Alexander Pavlenko",0.142
"Alexander Perevalov","Alexander Pelevin",0.143
"Matthew Savoie","Matthew Strome",0.143
"Matthew Kieper","Matthew Kessel",0.143
"Matthew Kieper","Matthew Miller",0.143
"Karel Krepelka","Karel Vejmelka",0.143
"Alexander Pelevin","Alexander Perevalov",0.143
"Cameron Whynot","Cameron Wright",0.143
"Jacob Melanson","Jacob Svensson",0.143
"Jacob Melanson","Jacob Svensson",0.143
"Gage Alexander","Jett Alexander",0.143
"Dylan Peterson","Dylan Ferguson",0.143
"Matthew Kessel","Matthew Kieper",0.143
"Dmitri Semykin","Dmitri Sheshin",0.143
"Miska Kukkonen","Miska Siikonen",0.143
"Lias Andersson","Noah Andersson",0.143
"Eemeli Rasanen","Aapeli Rasanen",0.143
"Matthew Strome","Matthew Savoie",0.143
"Dylan Ferguson","Dylan Peterson",0.143
"Matthew Filipe","Matthew Miller",0.143
"Joona Koppanen","Joona Korhonen",0.143
"Aapeli Rasanen","Eemeli Rasanen",0.143
"Dmitri Zaitsev","Daniil Zaitsev",0.143
"Karel Vejmelka","Karel Krepelka",0.143
"Joona Korhonen","Joona Koppanen",0.143
"Nicolas Daigle","Nicolas Savoie",0.143
"Kyle Chyzowski","Ryan Chyzowski",0.143
"Daniil Zaitsev","Dmitri Zaitsev",0.143
"Noah Andersson","Lias Andersson",0.143
"Mikhail Gulyayev","Mikhail Belyayev",0.143
"Michael Hrabal","Michael Graham",0.143
"Jonathan Leman","Jonathan Smart",0.143
"Michael Graham","Michael Hrabal",0.143
"Ondrej Kachyna","Ondrej Machala",0.143
"Matthew Dillon","Matthew Miller",0.143
"Mikhail Belyayev","Mikhail Gulyayev",0.143
"Jonathan Leman","Jonathan Smart",0.143
"Miska Siikonen","Miska Kukkonen",0.143
"Matthew Miller","Matthew Kieper",0.143
"Matthew Miller","Matthew Filipe",0.143
"Matthew Miller","Matthew Dillon",0.143
"Jonathan Smart","Jonathan Leman",0.143
"Jonathan Smart","Jonathan Leman",0.143
"Ondrej Machala","Ondrej Kachyna",0.143
"Jacob Svensson","Jacob Melanson",0.143
"Ryan Chyzowski","Kyle Chyzowski",0.143
"Cameron Wright","Cameron Whynot",0.143
"Jacob Svensson","Jacob Melanson",0.143
"Jett Alexander","Gage Alexander",0.143
"Dmitri Sheshin","Dmitri Semykin",0.143
"Nicolas Savoie","Nicolas Daigle",0.143
"Ryan Chesley","Ryan Healey",0.144
"Lane Hutson","Logan Hutsko",0.144
"Filip Mesar","Filip Lestan",0.144
"Tim Almgren","Tim Wahlgren",0.144
"Justin Cote","Justin Ertel",0.144
"Chase Coward","Chase Clark",0.144
"Noah Greuter","Noah Gregor",0.144
"Yegor Guskov","Yegor Rykov",0.144
"Yegor Guskov","Yegor Rykov",0.144
"Ryan Healey","Ryan Chesley",0.144
"Ryan Healey","Ryan Merkley",0.144
"Tomas Hebek","Tomas Hedera",0.144
"Braden Holt","Braden Doyle",0.144
"Cameron Lund","Cameron Lee",0.144
"Ilya Morozov","Ilya Mironov",0.144
"Ilya Morozov","Ilya Mironov",0.144
"Matej Pinkas","Matej Prcik",0.144
"Matej Pinkas","Matej Pekar",0.144
"Matej Prcik","Matej Pinkas",0.144
"David Spacek","David Sacco",0.144
"Connor Toms","Connor Hobbs",0.144
"Mathew Ward","Matthew Wood",0.144
"Mathew Ward","Matthew Ladd",0.144
"Nolan Allan","Nolan Volcan",0.144
"Carter Mazur","Carter Hart",0.144
"Justin Ertel","Justin Cote",0.144
"Jakub Malek","Jakub Adamek",0.144
"Cameron Berg","Cameron Lee",0.144
"Topias Vilen","Elias Vilen",0.144
"Ilya Safonov","Ilya Lobanov",0.144
"Chase Clark","Chase Coward",0.144
"Tomas Machu","Tomas Mazura",0.144
"Connor Zary","Connor Dewar",0.144
"Nick Capone","Nick Campoli",0.144
"Quinn Olson","Quinn Hutson",0.144
"Braden Doyle","Braden Holt",0.144
"Braden Doyle","Braden Holt",0.144
"Lukas Rousek","Lukas Jasek",0.144
"Tomas Mazura","Tomas Machu",0.144
"Martin Kaut","Martin Kupec",0.144
"Ryan Merkley","Ryan Healey",0.144
"Ryan McLeod","Ryan Leonard",0.144
"Ryan McLeod","Wyatt McLeod",0.144
"Logan Hutsko","Lane Hutson",0.144
"Connor Dewar","Connor Zary",0.144
"Riley Sutter","Riley Tufte",0.144
"Matej Pekar","Matej Pinkas",0.144
"Paul Cotter","Paul Bittner",0.144
"Samuel Houde","Samuel Dube",0.144
"David Hrenak","David Hajnik",0.144
"Riley Hughes","Ryan Hughes",0.144
"Maxim Zhukov","Maxim Sushko",0.144
"Maxim Zhukov","Maxim Bykov",0.144
"Jacob Bryson","Jacob Olson",0.144
"Maxim Sushko","Maxim Zhukov",0.144
"Nick Campoli","Nick Capone",0.144
"Jake McGrew","Jake McGrath",0.144
"Carson Meyer","Dario Meyer",0.144
"Daniel Bukac","Daniel Baker",0.144
"Riley Tufte","Riley Sutter",0.144
"Carter Hart","Carter Mazur",0.144
"Carter Hart","Carter Mazur",0.144
"Linus Nassen","Linus Nyman",0.144
"Linus Nassen","Linus Nyman",0.144
"Linus Nassen","Linus Nyman",0.144
"Noah Gregor","Noah Greuter",0.144
"Yegor Rykov","Yegor Guskov",0.144
"Yegor Rykov","Yegor Guskov",0.144
"Paul Bittner","Paul Cotter",0.144
"Nicolas Roy","Nicolas Guay",0.144
"Nicolas Roy","Nicolas Guay",0.144
"Connor Hobbs","Connor Toms",0.144
"Lukas Jasek","Lukas Rousek",0.144
"Matthew Roy","Matthew Wood",0.144
"Linus Nyman","Linus Nassen",0.144
"Linus Nyman","Linus Nassen",0.144
"Linus Nyman","Linus Nassen",0.144
"Alex Steeves","Ben Steeves",0.144
"Linus Nyman","Linus Nassen",0.144
"Linus Nyman","Linus Nassen",0.144
"Linus Nyman","Linus Nassen",0.144
"Oliver Suni","Oliver Turan",0.144
"Linus Nyman","Linus Nassen",0.144
"Linus Nyman","Linus Nassen",0.144
"Linus Nyman","Linus Nassen",0.144
"Cameron Rowe","Cameron Lee",0.144
"Ilya Mironov","Ilya Morozov",0.144
"Ilya Mironov","Ilya Morozov",0.144
"Cameron Berg","Cameron Lee",0.144
"Daniel Baker","Daniel Bukac",0.144
"Martin Bohm","Martin Bodak",0.144
"Martin Bohm","Martin Bucko",0.144
"Martin Bohm","Martin Bodak",0.144
"David Spacek","David Sacco",0.144
"Matthew Sop","Matthew Wood",0.144
"Quinn Hutson","Quinn Olson",0.144
"Ethan Peters","Ethan Leyer",0.144
"Charles-Antoine Pilote","Charles-Antoine Lavallee",0.144
"Elias Vilen","Topias Vilen",0.144
"Oliver Suni","Oliver Turan",0.144
"David Hajnik","David Hrenak",0.144
"David Hajnik","David Hrenak",0.144
"David Hajnik","David Hrenak",0.144
"Cameron Rowe","Cameron Lee",0.144
"Braden Holt","Braden Doyle",0.144
"Yegor Rykov","Yegor Guskov",0.144
"Yegor Rykov","Yegor Guskov",0.144
"Nicolas Guay","Nicolas Roy",0.144
"Maxim Bykov","Maxim Zhukov",0.144
"Carter Mazur","Carter Hart",0.144
"Samuel Dube","Samuel Houde",0.144
"Samuel Dube","Samuel Bucek",0.144
"Marek Blaha","Marek Zachar",0.144
"Charles-Antoine Lavallee","Charles-Antoine Pilote",0.144
"Ethan Leyer","Ethan Peters",0.144
"Yegor Guskov","Yegor Rykov",0.144
"Yegor Guskov","Yegor Rykov",0.144
"Michal Simon","Michal Roman",0.144
"Ben Steeves","Alex Steeves",0.144
"Ben Steeves","Alex Steeves",0.144
"Matthew Wood","Mathew Ward",0.144
"Matthew Wood","Matthew Roy",0.144
"Matthew Wood","Matthew Sop",0.144
"Ryan Leonard","Ryan McLeod",0.144
"Oliver Moore","Oliver True",0.144
"Jacob Olson","Jacob Bryson",0.144
"Dario Meyer","Carson Meyer",0.144
"Nolan Volcan","Nolan Allan",0.144
"Tim Wahlgren","Tim Almgren",0.144
"Ilya Lobanov","Ilya Safonov",0.144
"Filip Lestan","Filip Mesar",0.144
"Michal Roman","Michal Simon",0.144
"Michal Roman","Michal Ivan",0.144
"Marek Svarc","Marek Skvrne",0.144
"David Hrenak","David Hajnik",0.144
"Matthew Ladd","Mathew Ward",0.144
"Marek Zachar","Marek Blaha",0.144
"Samuel Bucek","Samuel Dube",0.144
"Ryan Hughes","Riley Hughes",0.144
"Ryan Hughes","Aidan Hughes",0.144
"Cameron Lee","Cameron Lund",0.144
"Cameron Lee","Cameron Berg",0.144
"Cameron Lee","Cameron Rowe",0.144
"Cameron Lee","Cameron Berg",0.144
"Cameron Lee","Cameron Rowe",0.144
"Cameron Lee","Cameron Rowe",0.144
"Tom Hedberg","Tomas Hedera",0.144
"Tomas Hedera","Tomas Hebek",0.144
"Tomas Hedera","Tom Hedberg",0.144
"Marek Skvrne","Marek Svarc",0.144
"Martin Bodak","Martin Bohm",0.144
"Martin Bodak","Martin Bucko",0.144
"Martin Kupec","Martin Kaut",0.144
"Jake McGrath","Jake McGrew",0.144
"David Hrenak","David Hajnik",0.144
"Aidan Hughes","Ryan Hughes",0.144
"Nicolas Guay","Nicolas Roy",0.144
"Michal Ivan","Michal Roman",0.144
"Wyatt McLeod","Ryan McLeod",0.144
"Martin Bucko","Martin Bohm",0.144
"Martin Bucko","Martin Bodak",0.144
"Martin Bucko","Martin Bodak",0.144
"Linus Nassen","Linus Nyman",0.144
"Linus Nassen","Linus Nyman",0.144
"Linus Nassen","Linus Nyman",0.144
"Jakub Adamek","Jakub Malek",0.144
"Jakub Adamek","Jakub Malek",0.144
"Oliver True","Oliver Moore",0.144
"Martin Bodak","Martin Bohm",0.144
"Martin Bodak","Martin Bucko",0.144
"Alex Steeves","Ben Steeves",0.144
"Oliver Turan","Oliver Suni",0.144
"Oliver Turan","Oliver Suni",0.144
"Linus Nassen","Linus Nyman",0.144
"Linus Nassen","Linus Nyman",0.144
"Linus Nassen","Linus Nyman",0.144
"David Sacco","David Spacek",0.144
"David Sacco","David Spacek",0.144
"Cameron Rowe","Cameron Lee",0.144
"Jakub Malek","Jakub Adamek",0.144
"Owen Beck","Owen Baker",0.145
"Owen Baker","Owen Beck",0.145
"Michael Buchinger","Michael Schnattinger",0.145
"Michael Schnattinger","Michael Buchinger",0.145
"Nikita Alexandrov","Nikita Sedov",0.145
"Adam Mascherin","Adam Marsh",0.145
"Adam Mascherin","Adam Mechura",0.145
"Sam Steel","Sam Sedley",0.145
"Adam Mascherin","Adam Marsh",0.145
"Adam Mascherin","Adam Mechura",0.145
"Michael Eyssimont","Michal Simon",0.145
"Adam Marsh","Adam Mascherin",0.145
"Adam Marsh","Adam Mascherin",0.145
"Sam Sedley","Sam Steel",0.145
"Adam Mechura","Adam Mascherin",0.145
"Adam Mechura","Adam Mascherin",0.145
"Connor Korte","Connor Roberts",0.145
"Adam Bares","Adam Berg",0.145
"Adam Bares","Adam Berg",0.145
"Michal Simon","Michael Eyssimont",0.145
"Adam Berg","Adam Bares",0.145
"Adam Berg","Adam Bares",0.145
"Connor Roberts","Connor Korte",0.145
"Jonathan Mor","Jonathan Sorenson",0.145
"Nikita Sedov","Nikita Alexandrov",0.145
"Jonathan Sorenson","Jonathan Mor",0.145
"Nicholas Moldenhauer","Nicolas Meloche",0.146
"Matthew Strome","Matthew Struthers",0.146
"Nicolas Meloche","Nicholas Moldenhauer",0.146
"Matthew Struthers","Matthew Strome",0.146
"William Soderlund","William Somers",0.146
"Alexandre Alain","Alexandros Aslanidis",0.146
"William Somers","William Soderlund",0.146
"Alexandros Aslanidis","Alexandre Alain",0.146
"Alexander Muromtsev","Alexander Bjurstrom",0.147
"Alexander Muromtsev","Alexander Bjurstrom",0.147
"Alexander Kisakov","Alexander Yakovenko",0.147
"Alexander Kisakov","Alexander Yakovenko",0.147
"Patrik Siikanen","Patrik Laine",0.147
"Patrik Laine","Patrik Siikanen",0.147
"Alexander Yakovenko","Alexander Kisakov",0.147
"Alexander Bjurstrom","Alexander Muromtsev",0.147
"Alexander Bjurstrom","Alexander Muromtsev",0.147
"Alexander Yakovenko","Alexander Kisakov",0.147
"Alexander Suzdalev","Alexander Samoilov",0.148
"Michael Buchinger","Michael Burchill",0.148
"Samuel Harris","Samuel Girard",0.148
"Hugo Havelid","Hugo Hell",0.148
"Jacob Mathieu","Jacob Maillet",0.148
"Maxim Muranov","Maxim Mayorov",0.148
"Nick Ring","Nick Wong",0.148
"Nick Ring","Jack Ring",0.148
"William Wallinder","William Wia",0.148
"Jan Mysak","Jan Mlcak",0.148
"Roni Hirvonen","Roni Karvinen",0.148
"Zac Jones","Max Jones",0.148
"Nathan Legare","Nathan Larose",0.148
"Andre Lee","Andrew Peeke",0.148
"Jack Gorniak","Jack York",0.148
"Filip Chytil","Filip Ahl",0.148
"Max Jones","Zac Jones",0.148
"Andrew Peeke","Andre Lee",0.148
"Samuel Girard","Samuel Harris",0.148
"Filip Ahl","Filip Chytil",0.148
"Noah Hasa","Noah Laba",0.148
"Jacob Maillet","Jacob Mathieu",0.148
"Johan Persson","Josh Paterson",0.148
"Johan Persson","Josh Paterson",0.148
"Roni Karvinen","Roni Hirvonen",0.148
"Nick Wong","Nick Ring",0.148
"Michael Burchill","Michael Buchinger",0.148
"Hugo Hell","Hugo Havelid",0.148
"Josh Paterson","Johan Persson",0.148
"William Wia","William Wallinder",0.148
"Alexander Samoilov","Alexander Suzdalev",0.148
"Josh Paterson","Johan Persson",0.148
"Noah Laaouan","Noah Laba",0.148
"Nathan Larose","Nathan Legare",0.148
"Jack York","Jack Gorniak",0.148
"Jan Mlcak","Jan Mysak",0.148
"Jack Ring","Nick Ring",0.148
"Noah Laba","Noah Hasa",0.148
"Noah Laba","Noah Laaouan",0.148
"Maxim Mayorov","Maxim Muranov",0.148
"Owen Baker","Owen Parker",0.149
"Alexander Blank","Alexander Palchik",0.149
"Michael Emerson","Michael Eyssimont",0.149
"Alexander Fesenko","Alexander Oskin",0.149
"Christian Kyrou","Christian Krygier",0.149
"Sebastian Nahalka","Sebastian Malat",0.149
"Alexander Pelevin","Alexandre Alain",0.149
"Jan Spunar","Jan Sprynar",0.149
"Sebastian Cossa","Sebastian Ohlsson",0.149
"Jack Finley","Jack Flinn",0.149
"Christian Krygier","Christian Kyrou",0.149
"Michael Eyssimont","Michael Emerson",0.149
"Alexandre Carrier","Alexander Krief",0.149
"Alexander Palchik","Alexander Blank",0.149
"Alexandre Alain","Alexander Pelevin",0.149
"Sebastian Malat","Sebastian Nahalka",0.149
"Owen Parker","Owen Baker",0.149
"Jackson Parsons","Jackson Glassford",0.149
"Jan Sprynar","Jan Spunar",0.149
"Jack Flinn","Jack Finley",0.149
"Sebastian Ohlsson","Sebastian Cossa",0.149
"Alexander Krief","Alexandre Carrier",0.149
"Alexander Oskin","Alexander Fesenko",0.149
"Jackson Glassford","Jackson Parsons",0.149
